{"v":"5.6.6","ip":0,"op":90,"fr":60,"w":184,"h":37,"layers":[{"ind":466,"nm":"surface1736","ao":0,"ip":0,"op":80,"st":0,"ty":4,"ks":{"ty":"tr","o":{"k":100},"r":{"k":0},"p":{"a":0,"k":[0,0,0],"ix":2},"a":{"k":[0,0]},"s":{"k":[62.42422391857506,61.66512500000001]},"sk":{"k":0},"sa":{"k":0}},"shapes":[{"ty":"gr","hd":false,"nm":"surface1736","it":[{"ty":"gr","hd":false,"it":[{"ty":"gr","hd":false,"it":[{"ty":"sh","ks":{"k":{"i":[[0,0],[1.77,-1.7],[0,0],[0,0],[0,0],[0,0],[0,0],[-2.75,-0.06]],"o":[[-3.26,0.14],[0,0],[0,0],[0,0],[0,0],[0,0],[2.08,-1.79],[0,0]],"v":[[294.75,32.48],[287.25,35.21],[287.25,47.65],[279.98,47.65],[279.98,25.93],[287.25,25.93],[287.25,28.27],[294.75,25.57]],"c":true}}},{"ty":"fl","o":{"k":100},"c":{"k":[1,1,1,1]}},{"ty":"tr","o":{"k":100},"r":{"k":0},"p":{"k":[0,0]},"a":{"k":[0,0]},"s":{"k":[100,100]},"sk":{"k":0},"sa":{"k":0},"hd":false}]},{"ty":"tr","o":{"k":100},"r":{"k":0},"p":{"k":[0,0]},"a":{"k":[0,0]},"s":{"k":[100,100]},"sk":{"k":0},"sa":{"k":0},"hd":false}]},{"ty":"gr","hd":false,"it":[{"ty":"sh","ks":{"k":{"i":[[0,0],[0,0],[-2.55,0],[-0.75,1.08],[0,0],[5.36,0],[2.33,2.15],[-0.14,3.09],[-2.14,2.16],[-3.12,-0.12],[-2.12,-2.04],[0.12,-2.93],[0.11,-0.86]],"o":[[0,0],[0.68,2.33],[1.3,0.11],[0,0],[-1.08,4.5],[-3.17,0.14],[-2.22,-2.16],[-0.11,-3.04],[2.26,-2.15],[2.95,-0.08],[2.11,2.04],[0.02,0.87],[0,0]],"v":[[278.5,38.92],[263.05,38.92],[267.94,42.41],[271.25,40.84],[278.46,40.84],[267.85,48.14],[259.25,45],[255.98,36.75],[259.16,28.6],[267.58,25.43],[275.5,28.5],[278.64,36.33],[278.5,38.92]],"c":true}}},{"ty":"sh","ks":{"k":{"i":[[0,0],[0,0],[2.47,0],[0.58,-2.41]],"o":[[0,0],[-0.39,-2.41],[-2.41,0],[0,0]],"v":[[263.01,34.66],[271.83,34.66],[267.53,31.04],[263.01,34.66]],"c":true}}},{"ty":"fl","o":{"k":100},"c":{"k":[1,1,1,1]}},{"ty":"tr","o":{"k":100},"r":{"k":0},"p":{"k":[0,0]},"a":{"k":[0,0]},"s":{"k":[100,100]},"sk":{"k":0},"sa":{"k":0},"hd":false}]},{"ty":"gr","hd":false,"it":[{"ty":"sh","ks":{"k":{"i":[[0,0],[2.22,-0.03],[1.63,1.77],[0,2.91],[0,0],[0,0],[0,0],[0,0],[0,0],[0,0],[0,0],[0,0],[0,0],[0,0],[0,0],[-2.28,0],[-1.27,0.29]],"o":[[-2.12,0.69],[-2.41,0.1],[-1.61,-1.79],[0,0],[0,0],[0,0],[0,0],[0,0],[0,0],[0,0],[0,0],[0,0],[0,0],[0,0],[0,2.19],[1.3,-0.07],[0,0]],"v":[[256.3,47.25],[249.75,48.32],[243.39,45.68],[241.02,38.61],[241.02,32.16],[236.77,32.16],[236.77,25.93],[241.02,25.93],[241.02,18.55],[248.25,18.55],[248.25,25.93],[255.64,25.93],[255.64,32.16],[248.25,32.16],[248.25,38.39],[251.65,41.65],[255.5,41.11]],"c":true}}},{"ty":"fl","o":{"k":100},"c":{"k":[1,1,1,1]}},{"ty":"tr","o":{"k":100},"r":{"k":0},"p":{"k":[0,0]},"a":{"k":[0,0]},"s":{"k":[100,100]},"sk":{"k":0},"sa":{"k":0},"hd":false}]},{"ty":"gr","hd":false,"it":[{"ty":"sh","ks":{"k":{"i":[[0,0],[-2.47,0],[0,0.91],[1.36,0.2],[0,0],[0,3.62],[-5.89,0],[-2.09,-1.24],[-0.02,-2.34],[0,0],[2.1,0],[0,-0.89],[-1.5,-0.27],[0,0],[0,-3.54],[0,0],[1.87,-1.17],[2.58,0.11],[0.41,5.51]],"o":[[0.31,1.84],[1.92,0],[0,-0.81],[0,0],[-3.94,-0.67],[0,-4.5],[2.44,-0.08],[1.99,1.23],[0,0],[-0.14,-1.61],[-1.75,0],[0,0.89],[0,0],[4.5,0.75],[0,0],[0.1,2.2],[-2.21,1.34],[-6.05,0],[0,0]],"v":[[222.75,40.21],[226.87,42.95],[230,41.45],[227.89,39.95],[223.51,39.2],[217.1,32.67],[226.85,25.42],[233.79,27.2],[237.02,32.93],[230.52,32.93],[226.85,30.52],[224.12,32.09],[226.37,33.79],[230.4,34.46],[237.21,41.04],[237.21,41.04],[234.34,46.5],[227,48.38],[216.3,40.23]],"c":true}}},{"ty":"fl","o":{"k":100},"c":{"k":[1,1,1,1]}},{"ty":"tr","o":{"k":100},"r":{"k":0},"p":{"k":[0,0]},"a":{"k":[0,0]},"s":{"k":[100,100]},"sk":{"k":0},"sa":{"k":0},"hd":false}]},{"ty":"gr","hd":false,"it":[{"ty":"sh","ks":{"k":{"i":[[0,0],[0.08,-3.04],[2.19,-2.18],[3.14,0.11],[2.27,2.2],[-0.08,3.09],[-2.2,2.12],[-3.15,-0.11],[-2.25,-2.17]],"o":[[2.19,2.11],[0.07,3.09],[-2.24,2.2],[-3.16,0.12],[-2.19,-2.18],[-0.09,-3.05],[2.29,-2.17],[3.13,-0.1],[0,0]],"v":[[212.75,28.66],[216.06,36.75],[212.75,45],[204.33,48.27],[195.82,45],[192.51,36.75],[195.82,28.64],[204.33,25.43],[212.75,28.66]],"c":true}}},{"ty":"sh","ks":{"k":{"i":[[0,0],[0,0],[0.93,0.96],[1.33,0],[0.92,-0.96],[-0.05,-1.33],[-2.91,0],[0,3]],"o":[[0,0],[0.05,-1.33],[-0.93,-0.96],[-1.34,0],[-0.93,0.96],[0,3],[2.91,0],[0,0]],"v":[[209.21,36.82],[209.2,36.82],[207.84,33.23],[204.3,31.72],[200.77,33.23],[199.4,36.82],[204.33,42.07],[209.2,36.82]],"c":true}}},{"ty":"fl","o":{"k":100},"c":{"k":[1,1,1,1]}},{"ty":"tr","o":{"k":100},"r":{"k":0},"p":{"k":[0,0]},"a":{"k":[0,0]},"s":{"k":[100,100]},"sk":{"k":0},"sa":{"k":0},"hd":false}]},{"ty":"gr","hd":false,"it":[{"ty":"sh","ks":{"k":{"i":[[0,0],[0.08,-3.04],[2.19,-2.18],[3.15,0.11],[2.27,2.21],[-0.07,3.09],[-2.2,2.11],[-3.16,-0.11],[-2.26,-2.17]],"o":[[2.19,2.11],[0.07,3.09],[-2.23,2.23],[-3.16,0.12],[-2.19,-2.18],[-0.09,-3.05],[2.28,-2.18],[3.13,-0.12],[0,0]],"v":[[188.44,28.66],[191.75,36.75],[188.44,45],[180,48.32],[171.5,45.05],[168.18,36.8],[171.5,28.7],[180,25.45],[188.44,28.66]],"c":true}}},{"ty":"sh","ks":{"k":{"i":[[0,0],[0.93,0.96],[1.34,0],[0.93,-0.96],[-0.05,-1.33],[-2.91,0],[0,3]],"o":[[0.05,-1.33],[-0.93,-0.96],[-1.34,0],[-0.93,0.96],[0,3],[2.91,0],[0,0]],"v":[[184.9,36.82],[183.53,33.23],[180,31.72],[176.46,33.23],[175.09,36.82],[180.02,42.07],[184.9,36.82]],"c":true}}},{"ty":"fl","o":{"k":100},"c":{"k":[1,1,1,1]}},{"ty":"tr","o":{"k":100},"r":{"k":0},"p":{"k":[0,0]},"a":{"k":[0,0]},"s":{"k":[100,100]},"sk":{"k":0},"sa":{"k":0},"hd":false}]},{"ty":"gr","hd":false,"it":[{"ty":"sh","ks":{"k":{"i":[[0,0],[3.59,0.77],[0,2.92],[6.59,0],[0,0],[0,0],[0,0],[0,5.15]],"o":[[0,-3.44],[2.56,-0.89],[0,-5.02],[0,0],[0,0],[0,0],[6.76,0],[0,0]],"v":[[164.93,39.19],[159.38,31.98],[163.59,25.31],[153.16,17.2],[140.37,17.2],[140.37,47.65],[154.06,47.65],[164.93,39.19]],"c":true}}},{"ty":"sh","ks":{"k":{"i":[[0,0],[0,0],[0,-1.97],[2.82,0],[0,0]],"o":[[0,0],[2.95,0],[0,2.02],[0,0],[0,0]],"v":[[145.69,23.39],[154.2,23.39],[158.63,26.34],[154.2,29.61],[145.69,29.61]],"c":true}}},{"ty":"sh","ks":{"k":{"i":[[0,0],[0,0],[0,0],[0,0],[0,-1.88],[3,0]],"o":[[0,0],[0,0],[0,0],[2.91,0],[0,1.88],[0,0]],"v":[[155.28,41.39],[145.69,41.39],[145.69,35.39],[155.44,35.39],[159.78,38.21],[155.25,41.39]],"c":true}}},{"ty":"fl","o":{"k":100},"c":{"k":[1,1,1,1]}},{"ty":"tr","o":{"k":100},"r":{"k":0},"p":{"k":[0,0]},"a":{"k":[0,0]},"s":{"k":[100,100]},"sk":{"k":0},"sa":{"k":0},"hd":false}]},{"ty":"gr","hd":false,"it":[{"ty":"sh","ks":{"k":{"i":[[0,0],[2.23,-0.02],[1.63,1.77],[0,2.91],[0,0],[0,0],[0,0],[0,0],[0,0],[0,0],[0,0],[0,0],[0,0],[0,0],[0,0],[-2.28,0],[-1.27,0.29]],"o":[[-2.12,0.69],[-2.41,0.1],[-1.61,-1.79],[0,0],[0,0],[0,0],[0,0],[0,0],[0,0],[0,0],[0,0],[0,0],[0,0],[0,0],[0,2.19],[1.3,-0.07],[0,0]],"v":[[137.25,47.25],[130.67,48.32],[124.31,45.68],[121.94,38.61],[121.94,32.16],[117.69,32.16],[117.69,25.93],[121.94,25.93],[121.94,18.55],[129.2,18.55],[129.2,25.93],[136.58,25.93],[136.58,32.16],[129.2,32.16],[129.2,38.39],[132.59,41.65],[136.45,41.11]],"c":true}}},{"ty":"fl","o":{"k":100},"c":{"k":[1,1,1,1]}},{"ty":"tr","o":{"k":100},"r":{"k":0},"p":{"k":[0,0]},"a":{"k":[0,0]},"s":{"k":[100,100]},"sk":{"k":0},"sa":{"k":0},"hd":false}]},{"ty":"gr","hd":false,"it":[{"ty":"sh","ks":{"k":{"i":[[0,0],[-1.58,0.71],[-1.25,-1.2],[0.65,-1.61],[1.73,0],[0.8,0.77],[0.02,1.11]],"o":[[-0.07,-1.73],[1.58,-0.71],[1.25,1.2],[-0.64,1.61],[-1.11,0.03],[-0.8,-0.77],[0,0]],"v":[[109.1,18.46],[111.61,14.41],[116.3,15.21],[117.3,19.87],[113.36,22.54],[110.38,21.39],[109.1,18.46]],"c":true}}},{"ty":"sh","ks":{"k":{"i":[[0,0],[0,0],[0,0],[0,0]],"o":[[0,0],[0,0],[0,0],[0,0]],"v":[[117,47.65],[109.75,47.65],[109.75,25.93],[117,25.93]],"c":true}}},{"ty":"fl","o":{"k":100},"c":{"k":[1,1,1,1]}},{"ty":"tr","o":{"k":100},"r":{"k":0},"p":{"k":[0,0]},"a":{"k":[0,0]},"s":{"k":[100,100]},"sk":{"k":0},"sa":{"k":0},"hd":false}]},{"ty":"gr","hd":false,"it":[{"ty":"sh","ks":{"k":{"i":[[0,0],[0,0],[0,0],[0,0],[0,0],[0,0],[0,0],[0,0],[0,0],[0,0],[0,0],[0,0],[0,0]],"o":[[0,0],[0,0],[0,0],[0,0],[0,0],[0,0],[0,0],[0,0],[0,0],[0,0],[0,0],[0,0],[0,0]],"v":[[101.32,47.65],[94.73,47.65],[91.25,36.37],[87.75,47.65],[81.16,47.65],[73.7,25.93],[81.3,25.93],[84.66,37.53],[88.38,25.93],[94.11,25.93],[97.78,37.48],[101.18,25.93],[108.75,25.93]],"c":true}}},{"ty":"fl","o":{"k":100},"c":{"k":[1,1,1,1]}},{"ty":"tr","o":{"k":100},"r":{"k":0},"p":{"k":[0,0]},"a":{"k":[0,0]},"s":{"k":[100,100]},"sk":{"k":0},"sa":{"k":0},"hd":false}]},{"ty":"gr","hd":false,"it":[{"ty":"sh","ks":{"k":{"i":[[0,0],[6.76,0],[0,0],[0,0],[0,0],[0,-5.02],[2.56,-0.89],[0,-3.44]],"o":[[0,5.15],[0,0],[0,0],[0,0],[6.59,0],[0,2.91],[3.58,0.77],[0,0]],"v":[[167.18,39.19],[156.31,47.65],[140.37,47.65],[140.37,17.2],[155.41,17.2],[165.84,25.31],[161.64,31.98],[167.18,39.19]],"c":true}}},{"ty":"sh","ks":{"k":{"i":[[0,0],[0,0],[0,2.02],[2.93,0],[0,0]],"o":[[0,0],[2.82,0],[0,-2.02],[0,0],[0,0]],"v":[[147.94,29.61],[154.2,29.61],[158.63,26.34],[154.2,23.39],[147.94,23.39]],"c":true}}},{"ty":"sh","ks":{"k":{"i":[[0,0],[0,1.92],[2.91,0],[0,0],[0,0]],"o":[[3,0],[0,-1.92],[0,0],[0,0],[0,0]],"v":[[155.25,41.39],[159.75,38.21],[155.41,35.39],[147.91,35.39],[147.91,41.39]],"c":true}}},{"ty":"fl","o":{"k":100},"c":{"k":[1,0.18,0.58,1]}},{"ty":"tr","o":{"k":100},"r":{"k":0},"p":{"k":[0,0]},"a":{"k":[0,0]},"s":{"k":[100,100]},"sk":{"k":0},"sa":{"k":0},"hd":false}]},{"ty":"gr","hd":false,"it":[{"ty":"sh","ks":{"k":{"i":[[0,0],[6.76,0],[0,0],[0,0],[0,0],[0,-5.02],[2.56,-0.89],[0,-3.44]],"o":[[0,5.15],[0,0],[0,0],[0,0],[6.59,0],[0,2.91],[3.58,0.77],[0,0]],"v":[[164.93,39.19],[154.06,47.65],[138.12,47.65],[138.12,17.2],[153.16,17.2],[163.59,25.31],[159.39,31.98],[164.93,39.19]],"c":true}}},{"ty":"sh","ks":{"k":{"i":[[0,0],[0,0],[0,2.02],[2.93,0],[0,0]],"o":[[0,0],[2.82,0],[0,-2.02],[0,0],[0,0]],"v":[[145.69,29.61],[151.95,29.61],[156.38,26.34],[151.95,23.39],[145.69,23.39]],"c":true}}},{"ty":"sh","ks":{"k":{"i":[[0,0],[0,1.92],[2.91,0],[0,0],[0,0]],"o":[[3,0],[0,-1.92],[0,0],[0,0],[0,0]],"v":[[153,41.39],[157.5,38.21],[153.16,35.39],[145.66,35.39],[145.66,41.39]],"c":true}}},{"ty":"fl","o":{"k":100},"c":{"k":[0,0.9,0.7,1]}},{"ty":"tr","o":{"k":100},"r":{"k":0},"p":{"k":[0,0]},"a":{"k":[0,0]},"s":{"k":[100,100]},"sk":{"k":0},"sa":{"k":0},"hd":false}]},{"ty":"gr","hd":false,"it":[{"ty":"sh","ks":{"k":{"i":[[0,0],[0,0],[0,0],[0,0]],"o":[[0,0],[0,0],[0,0],[0,0]],"v":[[22.88,31.45],[25.34,28.98],[33.71,37.35],[31.24,39.82]],"c":true}}},{"ty":"fl","o":{"k":100},"c":{"k":[0,0,0,1]}},{"ty":"tr","o":{"k":100},"r":{"k":0},"p":{"k":[0,0]},"a":{"k":[0,0]},"s":{"k":[100,100]},"sk":{"k":0},"sa":{"k":0},"hd":false}]},{"ty":"gr","hd":false,"it":[{"ty":"sh","ks":{"k":{"i":[[0,0],[0.18,0.23],[0.78,-0.77],[0,0],[0.37,0.65],[0,0],[0.7,1.03],[0,0],[0,0],[0,0],[0,0],[-0.4,-0.4],[0,0],[-0.62,0],[-0.44,0.44],[0,0],[0,0],[0.31,0.8]],"o":[[-0.11,-0.27],[-0.92,-0.59],[0,0],[-0.29,-0.69],[0,0],[-0.48,-1.15],[-2.05,-1.23],[0,0],[0,0],[0,0],[0.04,0.57],[0,0],[0.43,0.44],[0.62,0],[0,0],[0,0],[0.61,-0.61],[0,0]],"v":[[41.02,17.11],[40.58,16.36],[37.68,16.67],[31.93,22.43],[30.94,20.42],[30.43,20.93],[28.64,17.66],[24.53,18.32],[26.69,21.75],[26.94,26.46],[26.94,26.46],[27.62,27.96],[33.75,34.07],[35.39,34.75],[37.04,34.07],[43.65,27.46],[43.65,27.46],[44.14,25.14]],"c":true}}},{"ty":"fl","o":{"k":100},"c":{"k":[0,0,0,1]}},{"ty":"tr","o":{"k":100},"r":{"k":0},"p":{"k":[0,0]},"a":{"k":[0,0]},"s":{"k":[100,100]},"sk":{"k":0},"sa":{"k":0},"hd":false}]},{"ty":"gr","hd":false,"it":[{"ty":"sh","ks":{"k":{"i":[[0,0],[0.8,-2.78],[-1.56,1.53],[1.15,1.85],[1.55,-1.55]],"o":[[-1.5,1.5],[2.75,-0.8],[1.54,-1.54],[-1.85,-1.18],[0,0]],"v":[[19.43,38.09],[15.59,47.09],[24.59,43.25],[25.25,37.46],[19.43,38.09]],"c":true}}},{"ty":"fl","o":{"k":100},"c":{"k":[0,0,0,1]}},{"ty":"tr","o":{"k":100},"r":{"k":0},"p":{"k":[0,0]},"a":{"k":[0,0]},"s":{"k":[100,100]},"sk":{"k":0},"sa":{"k":0},"hd":false}]},{"ty":"gr","hd":false,"it":[{"ty":"sh","ks":{"k":{"i":[[0,0],[0,0],[0,0],[0,0]],"o":[[0,0],[0,0],[0,0],[0,0]],"v":[[22.88,31.45],[32.75,41.32],[35.25,38.86],[25.34,28.99]],"c":true}}},{"ty":"sh","ks":{"k":{"i":[[0,0],[0,0],[-2.21,2.17],[1.83,1.82],[1.83,-1.83]],"o":[[-2.18,2.21],[0,0],[1.83,-1.83],[-1.83,-1.83],[0,0]],"v":[[19.43,38.09],[15,49.12],[26.04,44.71],[26.04,38.09],[19.42,38.09]],"c":true}}},{"ty":"sh","ks":{"k":{"i":[[0,0],[0,0],[0,0],[0.33,0.34],[0,0],[0.91,-0.91],[0,0],[1.08,1.26],[0,0],[0,0],[0,0],[0,0],[-0.4,-0.4],[0,0],[-0.62,0],[-0.44,0.44],[0,0],[0,0],[0.31,0.8]],"o":[[0,0],[0,0],[-0.16,-0.45],[0,0],[-0.91,-0.91],[0,0],[-0.63,-1.54],[-2.25,-2.25],[0,0],[0,0],[0,0],[0.04,0.57],[0,0],[0.43,0.44],[0.62,0],[0,0],[0,0],[0.6,-0.62],[0,0]],"v":[[45.61,26.64],[42.52,18.61],[42.52,18.61],[41.77,17.42],[41.02,16.67],[37.73,16.67],[31.97,22.43],[29.39,18.2],[24.57,18.32],[26.69,21.75],[26.94,26.46],[26.94,26.46],[27.62,27.96],[35.25,35.57],[36.89,36.25],[38.54,35.57],[45.15,28.96],[45.15,28.96],[45.61,26.64]],"c":true}}},{"ty":"fl","o":{"k":100},"c":{"k":[1,0.18,0.58,1]}},{"ty":"tr","o":{"k":100},"r":{"k":0},"p":{"k":[0,0]},"a":{"k":[0,0]},"s":{"k":[100,100]},"sk":{"k":0},"sa":{"k":0},"hd":false}]},{"ty":"gr","hd":false,"it":[{"ty":"sh","ks":{"k":{"i":[[0,0],[0,0],[0,0],[0,0]],"o":[[0,0],[0,0],[0,0],[0,0]],"v":[[21.38,29.95],[31.25,39.82],[33.75,37.36],[23.84,27.49]],"c":true}}},{"ty":"sh","ks":{"k":{"i":[[0,0],[0,0],[-2.21,2.17],[1.83,1.82],[1.83,-1.83]],"o":[[-2.18,2.21],[0,0],[1.83,-1.83],[-1.83,-1.83],[0,0]],"v":[[17.93,36.59],[13.5,47.62],[24.54,43.21],[24.54,36.59],[17.92,36.59]],"c":true}}},{"ty":"sh","ks":{"k":{"i":[[0,0],[0,0],[0,0],[0.33,0.34],[0,0],[0.91,-0.91],[0,0],[1.08,1.26],[0,0],[0,0],[0,0],[0,0],[-0.4,-0.4],[0,0],[-0.62,0],[-0.44,0.44],[0,0],[0,0],[0.31,0.8]],"o":[[0,0],[0,0],[-0.16,-0.45],[0,0],[-0.91,-0.91],[0,0],[-0.63,-1.54],[-2.25,-2.25],[0,0],[0,0],[0,0],[0.04,0.57],[0,0],[0.43,0.44],[0.62,0],[0,0],[0,0],[0.6,-0.62],[0,0]],"v":[[44.11,25.14],[41.02,17.11],[41.02,17.11],[40.27,15.92],[39.52,15.17],[36.23,15.17],[30.47,20.93],[27.89,16.7],[23.07,16.82],[25.19,20.25],[25.44,24.96],[25.44,24.96],[26.12,26.46],[33.75,34.07],[35.39,34.75],[37.04,34.07],[43.65,27.46],[43.65,27.46],[44.11,25.14]],"c":true}}},{"ty":"fl","o":{"k":100},"c":{"k":[0,0.9,0.7,1]}},{"ty":"tr","o":{"k":100},"r":{"k":0},"p":{"k":[0,0]},"a":{"k":[0,0]},"s":{"k":[100,100]},"sk":{"k":0},"sa":{"k":0},"hd":false}]},{"ty":"gr","hd":false,"it":[{"ty":"gr","hd":false,"it":[{"ty":"gr","hd":false,"it":[{"ty":"sh","ks":{"k":{"i":[[0,0],[0,-16.55],[0,0],[-29.77,0],[0,16.57],[29.77,0]],"o":[[-29.74,0],[0,0],[0,16.57],[29.77,0],[0,-16.57],[0,0]],"v":[[30,0],[0,29.95],[0,30],[30,60],[60,30],[30,0]],"c":false}}},{"ty":"fl","o":{"k":100},"c":{"k":[1,1,1,1]}},{"ty":"tr","o":{"k":100},"r":{"k":0},"p":{"k":[0,0]},"a":{"k":[0,0]},"s":{"k":[100,100]},"sk":{"k":0},"sa":{"k":0},"hd":false}]},{"ty":"tr","o":{"k":100},"r":{"k":0},"p":{"k":[0,0]},"a":{"k":[0,0]},"s":{"k":[100,100]},"sk":{"k":0},"sa":{"k":0},"hd":false}]},{"ty":"tr","o":{"k":100},"r":{"k":0},"p":{"k":[0,0]},"a":{"k":[0,0]},"s":{"k":[100,100]},"sk":{"k":0},"sa":{"k":0},"hd":false}]},{"ty":"gr","hd":false,"it":[{"ty":"sh","ks":{"k":{"i":[[0,0],[0,16.57],[29.77,0],[0,-16.57],[-29.77,0]],"o":[[29.77,0],[0,-16.57],[-29.77,0],[0,16.57],[0,0]],"v":[[30,60],[60,30],[30,0],[0,30],[30,60]],"c":false}}},{"ty":"fl","o":{"k":100},"c":{"k":[1,1,1,1]}},{"ty":"tr","o":{"k":100},"r":{"k":0},"p":{"k":[0,0]},"a":{"k":[0,0]},"s":{"k":[100,100]},"sk":{"k":0},"sa":{"k":0},"hd":false}]},{"ty":"gr","hd":false,"it":[{"ty":"sh","ks":{"k":{"i":[[0,0],[0,16.57],[29.77,0],[0,-16.57],[-29.77,0]],"o":[[29.77,0],[0,-16.57],[-29.77,0],[0,16.57],[0,0]],"v":[[30,60],[60,30],[30,0],[0,30],[30,60]],"c":false}}},{"ty":"fl","o":{"k":100},"c":{"k":[1,1,1,1]}},{"ty":"tr","o":{"k":100},"r":{"k":0},"p":{"k":[0,0]},"a":{"k":[0,0]},"s":{"k":[100,100]},"sk":{"k":0},"sa":{"k":0},"hd":false}]},{"ty":"tr","o":{"k":100},"r":{"k":0},"p":{"k":[0,0]},"a":{"k":[0,0]},"s":{"k":[100,100]},"sk":{"k":0},"sa":{"k":0},"hd":false}]},{"ty":"tm","s":{"a":0,"k":0,"ix":1},"e":{"a":1,"k":[{"i":{"x":[0.35],"y":[1]},"o":{"x":[0.17],"y":[0.17]},"t":0,"s":[25]},{"t":55,"s":[100]}],"ix":2},"o":{"a":0,"k":0,"ix":3},"m":1,"ix":2,"nm":"Trim Paths 1","mn":"ADBE Vector Filter - Trim","hd":false}]}],"meta":{"g":"LF SVG to Lottie"}}